<?xml version="1.0" encoding="UTF-8"?>
<office:document-meta xmlns:grddl="http://www.w3.org/2003/g/data-view#" xmlns:meta="urn:oasis:names:tc:opendocument:xmlns:meta:1.0" xmlns:dc="http://purl.org/dc/elements/1.1/" xmlns:xlink="http://www.w3.org/1999/xlink" xmlns:ooo="http://openoffice.org/2004/office" xmlns:office="urn:oasis:names:tc:opendocument:xmlns:office:1.0" office:version="1.4"><office:meta><meta:generator>LibreOffice/25.2.2.2$Linux_X86_64 LibreOffice_project/7370d4be9e3cf6031a51beef54ff3bda878e3fac</meta:generator><dc:date>2025-06-21T11:51:02.051435358</dc:date><meta:editing-duration>P2DT2H4M17S</meta:editing-duration><meta:editing-cycles>155</meta:editing-cycles><meta:printed-by>David Collier-Brown</meta:printed-by><meta:print-date>2025-05-19T15:13:06.343420247</meta:print-date><dc:creator>David Collier-Brown</dc:creator><meta:document-statistic meta:table-count="1" meta:image-count="12" meta:object-count="0" meta:page-count="15" meta:paragraph-count="170" meta:word-count="2918" meta:character-count="16169" meta:non-whitespace-character-count="13374"/></office:meta></office:document-meta>