<?xml version="1.0" encoding="UTF-8"?>
<office:document-styles xmlns:css3t="http://www.w3.org/TR/css3-text/" xmlns:grddl="http://www.w3.org/2003/g/data-view#" xmlns:xhtml="http://www.w3.org/1999/xhtml" xmlns:dom="http://www.w3.org/2001/xml-events" xmlns:script="urn:oasis:names:tc:opendocument:xmlns:script:1.0" xmlns:form="urn:oasis:names:tc:opendocument:xmlns:form:1.0" xmlns:math="http://www.w3.org/1998/Math/MathML" xmlns:office="urn:oasis:names:tc:opendocument:xmlns:office:1.0" xmlns:ooo="http://openoffice.org/2004/office" xmlns:fo="urn:oasis:names:tc:opendocument:xmlns:xsl-fo-compatible:1.0" xmlns:ooow="http://openoffice.org/2004/writer" xmlns:xlink="http://www.w3.org/1999/xlink" xmlns:drawooo="http://openoffice.org/2010/draw" xmlns:oooc="http://openoffice.org/2004/calc" xmlns:dc="http://purl.org/dc/elements/1.1/" xmlns:calcext="urn:org:documentfoundation:names:experimental:calc:xmlns:calcext:1.0" xmlns:style="urn:oasis:names:tc:opendocument:xmlns:style:1.0" xmlns:text="urn:oasis:names:tc:opendocument:xmlns:text:1.0" xmlns:of="urn:oasis:names:tc:opendocument:xmlns:of:1.2" xmlns:tableooo="http://openoffice.org/2009/table" xmlns:draw="urn:oasis:names:tc:opendocument:xmlns:drawing:1.0" xmlns:dr3d="urn:oasis:names:tc:opendocument:xmlns:dr3d:1.0" xmlns:rpt="http://openoffice.org/2005/report" xmlns:svg="urn:oasis:names:tc:opendocument:xmlns:svg-compatible:1.0" xmlns:chart="urn:oasis:names:tc:opendocument:xmlns:chart:1.0" xmlns:officeooo="http://openoffice.org/2009/office" xmlns:table="urn:oasis:names:tc:opendocument:xmlns:table:1.0" xmlns:meta="urn:oasis:names:tc:opendocument:xmlns:meta:1.0" xmlns:loext="urn:org:documentfoundation:names:experimental:office:xmlns:loext:1.0" xmlns:number="urn:oasis:names:tc:opendocument:xmlns:datastyle:1.0" xmlns:field="urn:openoffice:names:experimental:ooo-ms-interop:xmlns:field:1.0" office:version="1.4"><office:font-face-decls><style:font-face style:name="Georgia" svg:font-family="Georgia" style:font-family-generic="roman" style:font-pitch="variable"/><style:font-face style:name="Georgia1" svg:font-family="Georgia" style:font-family-generic="system" style:font-pitch="variable"/><style:font-face style:name="Liberation Mono" svg:font-family="&apos;Liberation Mono&apos;" style:font-family-generic="modern" style:font-pitch="fixed"/><style:font-face style:name="Liberation Sans" svg:font-family="&apos;Liberation Sans&apos;" style:font-family-generic="roman" style:font-pitch="variable"/><style:font-face style:name="Liberation Sans1" svg:font-family="&apos;Liberation Sans&apos;" style:font-family-generic="swiss" style:font-pitch="variable"/><style:font-face style:name="Liberation Sans2" svg:font-family="&apos;Liberation Sans&apos;" style:font-family-generic="system" style:font-pitch="variable"/><style:font-face style:name="Liberation Serif" svg:font-family="&apos;Liberation Serif&apos;" style:font-family-generic="roman" style:font-pitch="variable"/><style:font-face style:name="Liberation Serif1" svg:font-family="&apos;Liberation Serif&apos;" style:font-family-generic="system" style:font-pitch="variable"/><style:font-face style:name="Linux Libertine G" svg:font-family="&apos;Linux Libertine G&apos;" style:font-family-generic="system" style:font-pitch="variable"/><style:font-face style:name="Noto Sans Mono CJK SC" svg:font-family="&apos;Noto Sans Mono CJK SC&apos;" style:font-family-generic="modern" style:font-pitch="fixed"/><style:font-face style:name="OpenSymbol" svg:font-family="OpenSymbol" style:font-charset="x-symbol"/><style:font-face style:name="Times New Roman" svg:font-family="&apos;Times New Roman&apos;" style:font-family-generic="roman" style:font-pitch="variable"/></office:font-face-decls><office:styles><style:default-style style:family="graphic"><style:graphic-properties svg:stroke-color="#3465a4" draw:fill-color="#729fcf" fo:wrap-option="no-wrap" draw:shadow-offset-x="0.1181in" draw:shadow-offset-y="0.1181in" draw:start-line-spacing-horizontal="0.1114in" draw:start-line-spacing-vertical="0.1114in" draw:end-line-spacing-horizontal="0.1114in" draw:end-line-spacing-vertical="0.1114in" style:writing-mode="lr-tb" style:flow-with-text="false"/><style:paragraph-properties style:text-autospace="ideograph-alpha" style:line-break="strict" loext:tab-stop-distance="0in" style:font-independent-line-spacing="false"><style:tab-stops/></style:paragraph-properties><style:text-properties style:use-window-font-color="true" loext:opacity="0%" style:font-name="Liberation Serif" fo:font-size="12pt" fo:language="en" fo:country="US" style:letter-kerning="false" style:font-name-asian="Liberation Serif1" style:font-size-asian="12pt" style:language-asian="zh" style:country-asian="CN" style:font-name-complex="Liberation Serif1" style:font-size-complex="12pt" style:language-complex="hi" style:country-complex="IN"/></style:default-style><style:default-style style:family="paragraph"><style:paragraph-properties fo:hyphenation-ladder-count="no-limit" fo:hyphenation-keep="auto" loext:hyphenation-keep-type="column" style:text-autospace="ideograph-alpha" style:punctuation-wrap="hanging" style:line-break="strict" style:tab-stop-distance="0.5in" style:writing-mode="lr-tb"/><style:text-properties style:use-window-font-color="true" loext:opacity="0%" style:font-name="Liberation Serif" fo:font-size="12pt" fo:language="en" fo:country="US" style:letter-kerning="false" style:font-name-asian="Liberation Serif1" style:font-size-asian="12pt" style:language-asian="zh" style:country-asian="CN" style:font-name-complex="Liberation Serif1" style:font-size-complex="12pt" style:language-complex="hi" style:country-complex="IN" fo:hyphenate="false" fo:hyphenation-remain-char-count="2" fo:hyphenation-push-char-count="2" loext:hyphenation-no-caps="false" loext:hyphenation-no-last-word="false" loext:hyphenation-word-char-count="no-limit" loext:hyphenation-zone="no-limit"/></style:default-style><style:default-style style:family="table"><style:table-properties table:border-model="collapsing"/></style:default-style><style:default-style style:family="table-row"><style:table-row-properties fo:keep-together="auto"/></style:default-style><style:style style:name="Standard" style:family="paragraph" style:class="text"/><style:style style:name="Heading" style:family="paragraph" style:parent-style-name="Standard" style:next-style-name="Text_20_body" style:class="chapter"><style:paragraph-properties fo:margin-top="0.1665in" fo:margin-bottom="0.0835in" style:contextual-spacing="false" fo:keep-with-next="always"/><style:text-properties style:font-name="Liberation Sans1" fo:font-family="&apos;Liberation Sans&apos;" style:font-family-generic="swiss" style:font-pitch="variable" fo:font-size="14pt" style:font-name-asian="Linux Libertine G" style:font-family-asian="&apos;Linux Libertine G&apos;" style:font-family-generic-asian="system" style:font-pitch-asian="variable" style:font-size-asian="14pt" style:font-name-complex="Linux Libertine G" style:font-family-complex="&apos;Linux Libertine G&apos;" style:font-family-generic-complex="system" style:font-pitch-complex="variable" style:font-size-complex="14pt"/></style:style><style:style style:name="Text_20_body" style:display-name="Text body" style:family="paragraph" style:parent-style-name="Standard" style:class="text"><style:paragraph-properties fo:margin-top="0in" fo:margin-bottom="0.0972in" style:contextual-spacing="false" fo:line-height="115%"/></style:style><style:style style:name="List" style:family="paragraph" style:parent-style-name="Text_20_body" style:class="list"><style:text-properties style:font-size-asian="12pt"/></style:style><style:style style:name="Caption" style:family="paragraph" style:parent-style-name="Standard" style:class="extra"><style:paragraph-properties fo:margin-top="0.0835in" fo:margin-bottom="0.0835in" style:contextual-spacing="false" text:number-lines="false" text:line-number="0"/><style:text-properties fo:font-size="12pt" fo:font-style="italic" style:font-size-asian="12pt" style:font-style-asian="italic" style:font-size-complex="12pt" style:font-style-complex="italic"/></style:style><style:style style:name="Index" style:family="paragraph" style:parent-style-name="Standard" style:class="index"><style:paragraph-properties text:number-lines="false" text:line-number="0"/><style:text-properties style:font-size-asian="12pt"/></style:style><style:style style:name="normal" style:family="paragraph" style:default-outline-level=""><style:paragraph-properties fo:text-align="start" style:justify-single-word="false" fo:orphans="2" fo:widows="2" style:writing-mode="lr-tb"/></style:style><style:style style:name="Heading_20_1" style:display-name="Heading 1" style:family="paragraph" style:parent-style-name="normal" style:next-style-name="Standard" style:default-outline-level="" style:class="chapter"><style:paragraph-properties fo:margin-top="0.1665in" fo:margin-bottom="0.0835in" style:contextual-spacing="false" fo:line-height="100%" fo:keep-with-next="always"/><style:text-properties style:font-name="Liberation Serif" fo:font-family="&apos;Liberation Serif&apos;" style:font-family-generic="roman" style:font-pitch="variable" fo:font-size="24pt" fo:font-weight="bold" style:font-name-asian="Liberation Serif1" style:font-family-asian="&apos;Liberation Serif&apos;" style:font-family-generic-asian="system" style:font-pitch-asian="variable" style:font-size-asian="24pt" style:font-weight-asian="bold" style:font-name-complex="Liberation Serif1" style:font-family-complex="&apos;Liberation Serif&apos;" style:font-family-generic-complex="system" style:font-pitch-complex="variable" style:font-size-complex="24pt"/></style:style><style:style style:name="Heading_20_2" style:display-name="Heading 2" style:family="paragraph" style:parent-style-name="normal" style:next-style-name="Standard" style:default-outline-level="" style:class="chapter"><style:paragraph-properties fo:margin-top="0.25in" fo:margin-bottom="0.0555in" style:contextual-spacing="false" fo:line-height="100%" fo:keep-together="always" fo:break-before="auto" fo:break-after="auto" fo:keep-with-next="always"/><style:text-properties fo:font-size="18pt" fo:font-weight="bold" style:font-size-asian="18pt" style:font-weight-asian="bold" style:font-size-complex="18pt"/></style:style><style:style style:name="Heading_20_3" style:display-name="Heading 3" style:family="paragraph" style:parent-style-name="normal" style:next-style-name="Standard" style:default-outline-level="" style:class="chapter"><style:paragraph-properties fo:margin-top="0.0972in" fo:margin-bottom="0.0835in" style:contextual-spacing="false" fo:line-height="100%" fo:keep-with-next="always"/><style:text-properties style:font-name="Liberation Serif" fo:font-family="&apos;Liberation Serif&apos;" style:font-family-generic="roman" style:font-pitch="variable" fo:font-size="14pt" fo:font-weight="bold" style:font-name-asian="Liberation Serif1" style:font-family-asian="&apos;Liberation Serif&apos;" style:font-family-generic-asian="system" style:font-pitch-asian="variable" style:font-size-asian="14pt" style:font-weight-asian="bold" style:font-name-complex="Liberation Serif1" style:font-family-complex="&apos;Liberation Serif&apos;" style:font-family-generic-complex="system" style:font-pitch-complex="variable" style:font-size-complex="14pt"/></style:style><style:style style:name="Heading_20_4" style:display-name="Heading 4" style:family="paragraph" style:parent-style-name="normal" style:next-style-name="Standard" style:default-outline-level="" style:class="chapter"><style:paragraph-properties fo:margin-top="0.1665in" fo:margin-bottom="0.028in" style:contextual-spacing="false" fo:line-height="100%" fo:keep-together="always" fo:break-before="auto" fo:break-after="auto" fo:keep-with-next="always"/><style:text-properties fo:font-size="12pt" fo:font-weight="bold" style:font-size-asian="12pt" style:font-weight-asian="bold" style:font-size-complex="12pt"/></style:style><style:style style:name="Heading_20_5" style:display-name="Heading 5" style:family="paragraph" style:parent-style-name="normal" style:next-style-name="Standard" style:default-outline-level="" style:class="chapter"><style:paragraph-properties fo:margin-top="0.1528in" fo:margin-bottom="0.028in" style:contextual-spacing="false" fo:line-height="100%" fo:keep-together="always" fo:break-before="auto" fo:break-after="auto" fo:keep-with-next="always"/><style:text-properties fo:font-size="11pt" fo:font-weight="bold" style:font-size-asian="11pt" style:font-weight-asian="bold" style:font-size-complex="11pt"/></style:style><style:style style:name="Heading_20_6" style:display-name="Heading 6" style:family="paragraph" style:parent-style-name="normal" style:next-style-name="Standard" style:default-outline-level="" style:class="chapter"><style:paragraph-properties fo:margin-top="0.139in" fo:margin-bottom="0.028in" style:contextual-spacing="false" fo:line-height="100%" fo:keep-together="always" fo:break-before="auto" fo:break-after="auto" fo:keep-with-next="always"/><style:text-properties fo:font-size="10pt" fo:font-weight="bold" style:font-size-asian="10pt" style:font-weight-asian="bold" style:font-size-complex="10pt"/></style:style><style:style style:name="Title" style:family="paragraph" style:parent-style-name="normal" style:next-style-name="Standard" style:default-outline-level="" style:class="chapter"><style:paragraph-properties fo:margin-top="0.1665in" fo:margin-bottom="0.0835in" style:contextual-spacing="false" fo:line-height="100%" fo:text-align="center" style:justify-single-word="false" fo:keep-with-next="always"/><style:text-properties style:font-name="Liberation Sans" fo:font-family="&apos;Liberation Sans&apos;" style:font-family-generic="roman" style:font-pitch="variable" fo:font-size="28pt" fo:font-weight="bold" style:font-name-asian="Liberation Sans2" style:font-family-asian="&apos;Liberation Sans&apos;" style:font-family-generic-asian="system" style:font-pitch-asian="variable" style:font-size-asian="28pt" style:font-weight-asian="bold" style:font-name-complex="Liberation Sans2" style:font-family-complex="&apos;Liberation Sans&apos;" style:font-family-generic-complex="system" style:font-pitch-complex="variable" style:font-size-complex="28pt"/></style:style><style:style style:name="Subtitle" style:family="paragraph" style:parent-style-name="normal" style:next-style-name="Standard" style:default-outline-level="" style:class="chapter"><style:paragraph-properties fo:margin-top="0.25in" fo:margin-bottom="0.0555in" style:contextual-spacing="false" fo:line-height="100%" fo:keep-together="always" fo:break-before="auto" fo:break-after="auto" fo:keep-with-next="always"/><style:text-properties fo:color="#666666" loext:opacity="100%" style:font-name="Georgia" fo:font-family="Georgia" style:font-family-generic="roman" style:font-pitch="variable" fo:font-size="24pt" fo:font-style="italic" style:font-name-asian="Georgia1" style:font-family-asian="Georgia" style:font-family-generic-asian="system" style:font-pitch-asian="variable" style:font-size-asian="24pt" style:font-style-asian="italic" style:font-name-complex="Georgia1" style:font-family-complex="Georgia" style:font-family-generic-complex="system" style:font-pitch-complex="variable" style:font-size-complex="24pt"/></style:style><style:style style:name="Frame_20_contents" style:display-name="Frame contents" style:family="paragraph" style:parent-style-name="Standard" style:class="extra"/><style:style style:name="Figure" style:family="paragraph" style:parent-style-name="Caption" style:class="extra"/><style:style style:name="Header_20_and_20_Footer" style:display-name="Header and Footer" style:family="paragraph" style:parent-style-name="Standard" style:class="extra"><style:paragraph-properties text:number-lines="false" text:line-number="0"><style:tab-stops><style:tab-stop style:position="3.4626in" style:type="center"/><style:tab-stop style:position="6.9252in" style:type="right"/></style:tab-stops></style:paragraph-properties></style:style><style:style style:name="Footer" style:family="paragraph" style:parent-style-name="Header_20_and_20_Footer" style:class="extra"><style:paragraph-properties text:number-lines="false" text:line-number="0"><style:tab-stops><style:tab-stop style:position="3.4626in" style:type="center"/><style:tab-stop style:position="6.9252in" style:type="right"/></style:tab-stops></style:paragraph-properties></style:style><style:style style:name="Preformatted_20_Text" style:display-name="Preformatted Text" style:family="paragraph" style:parent-style-name="Standard" style:class="html"><style:paragraph-properties fo:margin-top="0in" fo:margin-bottom="0in" style:contextual-spacing="false"/><style:text-properties style:font-name="Liberation Mono" fo:font-family="&apos;Liberation Mono&apos;" style:font-family-generic="modern" style:font-pitch="fixed" fo:font-size="10pt" style:font-name-asian="Noto Sans Mono CJK SC" style:font-family-asian="&apos;Noto Sans Mono CJK SC&apos;" style:font-family-generic-asian="modern" style:font-pitch-asian="fixed" style:font-size-asian="10pt" style:font-name-complex="Liberation Mono" style:font-family-complex="&apos;Liberation Mono&apos;" style:font-family-generic-complex="modern" style:font-pitch-complex="fixed" style:font-size-complex="10pt"/></style:style><style:style style:name="Table_20_Contents" style:display-name="Table Contents" style:family="paragraph" style:parent-style-name="Standard" style:class="extra"><style:paragraph-properties fo:orphans="0" fo:widows="0" text:number-lines="false" text:line-number="0"/></style:style><style:style style:name="Body" style:family="paragraph" style:parent-style-name="Standard"><style:paragraph-properties fo:margin-left="0in" fo:margin-right="0in" fo:margin-top="0in" fo:margin-bottom="0.0417in" style:contextual-spacing="false" style:line-height-at-least="0.1528in" fo:text-indent="0.25in" style:auto-text-indent="false"/><style:text-properties fo:color="#000000" loext:opacity="100%" style:font-name="Times New Roman" fo:font-family="&apos;Times New Roman&apos;" style:font-family-generic="roman" style:font-pitch="variable" fo:font-size="11pt" style:font-size-asian="11pt"/></style:style><style:style style:name="HC" style:family="paragraph" style:parent-style-name="Standard" style:next-style-name="Body"><style:paragraph-properties fo:margin-left="0in" fo:margin-right="0.6598in" fo:margin-top="0.472in" fo:margin-bottom="0.111in" style:contextual-spacing="false" fo:text-indent="0in" style:auto-text-indent="false" fo:padding-left="0in" fo:padding-right="0in" fo:padding-top="0.0138in" fo:padding-bottom="0in" fo:border-left="none" fo:border-right="none" fo:border-top="0.51pt solid #000000" fo:border-bottom="none" fo:keep-with-next="always"/><style:text-properties fo:color="#000000" loext:opacity="100%" fo:font-size="14pt" fo:font-style="italic" style:font-size-asian="14pt" style:font-style-asian="italic"/></style:style><style:style style:name="HD" style:family="paragraph" style:parent-style-name="Standard" style:next-style-name="Body"><style:paragraph-properties fo:margin-top="0.25in" fo:margin-bottom="0.0555in" style:contextual-spacing="false" style:line-height-at-least="0.2083in" fo:keep-with-next="always"/><style:text-properties fo:color="#000000" loext:opacity="100%" fo:font-size="11pt" fo:font-weight="bold" style:font-size-asian="11pt" style:font-weight-asian="bold"/></style:style><style:style style:name="FN" style:family="paragraph" style:parent-style-name="Standard" style:next-style-name="FC"><style:paragraph-properties fo:margin-top="0.0693in" fo:margin-bottom="0in" style:contextual-spacing="false" fo:keep-with-next="always"/><style:text-properties fo:color="#000000" loext:opacity="100%" style:font-name="Times New Roman" fo:font-family="&apos;Times New Roman&apos;" style:font-family-generic="roman" style:font-pitch="variable" fo:font-size="11pt" fo:font-weight="bold" style:font-size-asian="11pt" style:font-weight-asian="bold"/></style:style><style:style style:name="FC" style:family="paragraph" style:parent-style-name="Standard" style:next-style-name="Body"><style:paragraph-properties fo:margin-top="0in" fo:margin-bottom="0.0835in" style:contextual-spacing="false"><style:tab-stops><style:tab-stop style:position="0.5799in"/><style:tab-stop style:position="0.8in"/></style:tab-stops></style:paragraph-properties><style:text-properties fo:color="#000000" loext:opacity="100%" style:font-name="Times New Roman" fo:font-family="&apos;Times New Roman&apos;" style:font-family-generic="roman" style:font-pitch="variable" fo:font-size="11pt" fo:font-style="italic" style:font-size-asian="11pt" style:font-style-asian="italic"/></style:style><style:style style:name="Horizontal_20_Line" style:display-name="Horizontal Line" style:family="paragraph" style:parent-style-name="Standard" style:next-style-name="Text_20_body" style:class="html"><style:paragraph-properties fo:margin-top="0in" fo:margin-bottom="0.1965in" style:contextual-spacing="false" style:border-line-width-bottom="0.0008in 0.0016in 0.0008in" fo:padding="0in" fo:border-left="none" fo:border-right="none" fo:border-top="none" fo:border-bottom="0.2pt double #808080" text:number-lines="false" text:line-number="0" style:join-border="false"/><style:text-properties fo:font-size="6pt" style:font-size-asian="6pt" style:font-size-complex="6pt"/></style:style><style:style style:name="Index_20_Heading" style:display-name="Index Heading" style:family="paragraph" style:parent-style-name="Heading" style:class="index"><style:paragraph-properties fo:margin-left="0in" fo:text-indent="0in" style:auto-text-indent="false" text:number-lines="false" text:line-number="0"/><style:text-properties fo:font-size="16pt" fo:font-weight="bold" style:font-size-asian="16pt" style:font-weight-asian="bold" style:font-size-complex="16pt" style:font-weight-complex="bold"/></style:style><style:style style:name="Contents_20_Heading" style:display-name="Contents Heading" style:family="paragraph" style:parent-style-name="Index_20_Heading" style:class="index"><style:paragraph-properties fo:margin-left="0in" fo:text-indent="0in" style:auto-text-indent="false" text:number-lines="false" text:line-number="0"/><style:text-properties fo:font-size="16pt" fo:font-weight="bold" style:font-size-asian="16pt" style:font-weight-asian="bold" style:font-size-complex="16pt" style:font-weight-complex="bold"/></style:style><style:style style:name="Table_20_Heading" style:display-name="Table Heading" style:family="paragraph" style:parent-style-name="Table_20_Contents" style:class="extra"><style:paragraph-properties fo:text-align="center" style:justify-single-word="false" text:number-lines="false" text:line-number="0"/><style:text-properties fo:font-weight="bold" style:font-weight-asian="bold" style:font-weight-complex="bold"/></style:style><style:style style:name="Table" style:family="paragraph" style:parent-style-name="Caption" style:class="extra"/><style:style style:name="Comment" style:family="paragraph" style:parent-style-name="Standard" style:class="extra"><style:text-properties fo:font-size="10pt" style:font-size-asian="10pt" style:font-size-complex="10pt"/></style:style><style:style style:name="Index_20_1" style:display-name="Index 1" style:family="paragraph" style:parent-style-name="Index" style:class="index"><style:paragraph-properties fo:margin-left="0in" fo:text-indent="0in" style:auto-text-indent="false"/></style:style><style:style style:name="Drawing" style:family="paragraph" style:parent-style-name="Caption" style:class="extra"/><style:style style:name="Header" style:family="paragraph" style:parent-style-name="Header_20_and_20_Footer" style:class="extra"><style:paragraph-properties text:number-lines="false" text:line-number="0"><style:tab-stops><style:tab-stop style:position="3.4626in" style:type="center"/><style:tab-stop style:position="6.9252in" style:type="right"/></style:tab-stops></style:paragraph-properties></style:style><style:style style:name="ListLabel_20_1" style:display-name="ListLabel 1" style:family="text"><style:text-properties style:font-name="Liberation Serif" fo:font-family="&apos;Liberation Serif&apos;" style:font-family-generic="roman" style:font-pitch="variable" fo:font-size="12pt" style:text-underline-style="none" fo:font-weight="normal"/></style:style><style:style style:name="ListLabel_20_2" style:display-name="ListLabel 2" style:family="text"><style:text-properties style:text-underline-style="none"/></style:style><style:style style:name="ListLabel_20_3" style:display-name="ListLabel 3" style:family="text"><style:text-properties style:text-underline-style="none"/></style:style><style:style style:name="ListLabel_20_4" style:display-name="ListLabel 4" style:family="text"><style:text-properties style:text-underline-style="none"/></style:style><style:style style:name="ListLabel_20_5" style:display-name="ListLabel 5" style:family="text"><style:text-properties style:text-underline-style="none"/></style:style><style:style style:name="ListLabel_20_6" style:display-name="ListLabel 6" style:family="text"><style:text-properties style:text-underline-style="none"/></style:style><style:style style:name="ListLabel_20_7" style:display-name="ListLabel 7" style:family="text"><style:text-properties style:text-underline-style="none"/></style:style><style:style style:name="ListLabel_20_8" style:display-name="ListLabel 8" style:family="text"><style:text-properties style:text-underline-style="none"/></style:style><style:style style:name="ListLabel_20_9" style:display-name="ListLabel 9" style:family="text"><style:text-properties style:text-underline-style="none"/></style:style><style:style style:name="ListLabel_20_10" style:display-name="ListLabel 10" style:family="text"><style:text-properties fo:font-variant="normal" fo:text-transform="none" fo:color="#000080" loext:opacity="100%" style:text-line-through-style="none" style:text-line-through-type="none" style:text-position="0% 100%" style:font-name="Liberation Serif" fo:font-family="&apos;Liberation Serif&apos;" style:font-family-generic="roman" style:font-pitch="variable" fo:font-size="12pt" fo:font-style="normal" style:text-underline-style="solid" style:text-underline-width="auto" style:text-underline-color="font-color" fo:font-weight="normal" style:font-name-asian="Liberation Serif1" style:font-family-asian="&apos;Liberation Serif&apos;" style:font-family-generic-asian="system" style:font-pitch-asian="variable" style:font-size-asian="12pt" style:font-style-asian="normal" style:font-weight-asian="normal" style:font-name-complex="Liberation Serif1" style:font-family-complex="&apos;Liberation Serif&apos;" style:font-family-generic-complex="system" style:font-pitch-complex="variable" style:font-size-complex="12pt"/></style:style><style:style style:name="Internet_20_link" style:display-name="Internet link" style:family="text"><style:text-properties fo:color="#000080" loext:opacity="100%" fo:language="zxx" fo:country="none" style:text-underline-style="solid" style:text-underline-width="auto" style:text-underline-color="font-color" style:language-asian="zxx" style:country-asian="none" style:language-complex="zxx" style:country-complex="none"/></style:style><style:style style:name="Bullet_20_Symbols" style:display-name="Bullet Symbols" style:family="text"><style:text-properties style:font-name="OpenSymbol" fo:font-family="OpenSymbol" style:font-charset="x-symbol" style:font-name-asian="OpenSymbol" style:font-family-asian="OpenSymbol" style:font-charset-asian="x-symbol" style:font-name-complex="OpenSymbol" style:font-family-complex="OpenSymbol" style:font-charset-complex="x-symbol"/></style:style><style:style style:name="Numbering_20_Symbols" style:display-name="Numbering Symbols" style:family="text"/><style:style style:name="Line_20_numbering" style:display-name="Line numbering" style:family="text"/><style:style style:name="Graphics" style:family="graphic"><style:graphic-properties text:anchor-type="paragraph" svg:x="0in" svg:y="0in" style:wrap="dynamic" style:number-wrapped-paragraphs="no-limit" style:wrap-contour="false" style:vertical-pos="top" style:vertical-rel="paragraph" style:horizontal-pos="center" style:horizontal-rel="paragraph" fo:background-color="transparent" draw:fill="none" draw:fill-color="#729fcf"/></style:style><style:style style:name="Frame" style:family="graphic"><style:graphic-properties text:anchor-type="paragraph" svg:x="0in" svg:y="0in" fo:margin-left="0.0791in" fo:margin-right="0.0791in" fo:margin-top="0.0791in" fo:margin-bottom="0.0791in" style:wrap="parallel" style:number-wrapped-paragraphs="no-limit" style:wrap-contour="false" style:vertical-pos="top" style:vertical-rel="paragraph-content" style:horizontal-pos="center" style:horizontal-rel="paragraph-content" fo:background-color="transparent" draw:fill="none" draw:fill-color="#729fcf" fo:padding="0.0591in" fo:border="0.06pt solid #000000"/></style:style><style:style style:name="OLE" style:family="graphic"><style:graphic-properties text:anchor-type="paragraph" svg:x="0in" svg:y="0in" style:wrap="dynamic" style:number-wrapped-paragraphs="no-limit" style:wrap-contour="false" style:vertical-pos="top" style:vertical-rel="paragraph" style:horizontal-pos="center" style:horizontal-rel="paragraph" fo:background-color="transparent" draw:fill="none" draw:fill-color="#729fcf"/></style:style><text:outline-style style:name="Outline"><text:outline-level-style text:level="1" loext:num-list-format="%1%" style:num-format=""><style:list-level-properties text:list-level-position-and-space-mode="label-alignment"><style:list-level-label-alignment text:label-followed-by="listtab"/></style:list-level-properties></text:outline-level-style><text:outline-level-style text:level="2" loext:num-list-format="%2%" style:num-format=""><style:list-level-properties text:list-level-position-and-space-mode="label-alignment"><style:list-level-label-alignment text:label-followed-by="listtab"/></style:list-level-properties></text:outline-level-style><text:outline-level-style text:level="3" loext:num-list-format="%3%" style:num-format=""><style:list-level-properties text:list-level-position-and-space-mode="label-alignment"><style:list-level-label-alignment text:label-followed-by="listtab"/></style:list-level-properties></text:outline-level-style><text:outline-level-style text:level="4" loext:num-list-format="%4%" style:num-format=""><style:list-level-properties text:list-level-position-and-space-mode="label-alignment"><style:list-level-label-alignment text:label-followed-by="listtab"/></style:list-level-properties></text:outline-level-style><text:outline-level-style text:level="5" loext:num-list-format="%5%" style:num-format=""><style:list-level-properties text:list-level-position-and-space-mode="label-alignment"><style:list-level-label-alignment text:label-followed-by="listtab"/></style:list-level-properties></text:outline-level-style><text:outline-level-style text:level="6" loext:num-list-format="%6%" style:num-format=""><style:list-level-properties text:list-level-position-and-space-mode="label-alignment"><style:list-level-label-alignment text:label-followed-by="listtab"/></style:list-level-properties></text:outline-level-style><text:outline-level-style text:level="7" loext:num-list-format="%7%" style:num-format=""><style:list-level-properties text:list-level-position-and-space-mode="label-alignment"><style:list-level-label-alignment text:label-followed-by="listtab"/></style:list-level-properties></text:outline-level-style><text:outline-level-style text:level="8" loext:num-list-format="%8%" style:num-format=""><style:list-level-properties text:list-level-position-and-space-mode="label-alignment"><style:list-level-label-alignment text:label-followed-by="listtab"/></style:list-level-properties></text:outline-level-style><text:outline-level-style text:level="9" loext:num-list-format="%9%" style:num-format=""><style:list-level-properties text:list-level-position-and-space-mode="label-alignment"><style:list-level-label-alignment text:label-followed-by="listtab"/></style:list-level-properties></text:outline-level-style><text:outline-level-style text:level="10" loext:num-list-format="%10%" style:num-format=""><style:list-level-properties text:list-level-position-and-space-mode="label-alignment"><style:list-level-label-alignment text:label-followed-by="listtab"/></style:list-level-properties></text:outline-level-style></text:outline-style><text:list-style style:name="WWNum1"><text:list-level-style-bullet text:level="1" loext:num-list-format="%1%" style:num-suffix="" text:bullet-char=""><style:list-level-properties text:list-level-position-and-space-mode="label-alignment"><style:list-level-label-alignment text:label-followed-by="listtab" fo:text-indent="-0.25in" fo:margin-left="0.5in"/></style:list-level-properties></text:list-level-style-bullet><text:list-level-style-bullet text:level="2" loext:num-list-format="%2%◦" style:num-suffix="◦" text:bullet-char="◦"><style:list-level-properties text:list-level-position-and-space-mode="label-alignment"><style:list-level-label-alignment text:label-followed-by="listtab" fo:text-indent="-0.25in" fo:margin-left="0.75in"/></style:list-level-properties></text:list-level-style-bullet><text:list-level-style-bullet text:level="3" loext:num-list-format="%3%▪" style:num-suffix="▪" text:bullet-char="▪"><style:list-level-properties text:list-level-position-and-space-mode="label-alignment"><style:list-level-label-alignment text:label-followed-by="listtab" fo:text-indent="-0.25in" fo:margin-left="1in"/></style:list-level-properties></text:list-level-style-bullet><text:list-level-style-bullet text:level="4" loext:num-list-format="%4%" style:num-suffix="" text:bullet-char=""><style:list-level-properties text:list-level-position-and-space-mode="label-alignment"><style:list-level-label-alignment text:label-followed-by="listtab" fo:text-indent="-0.25in" fo:margin-left="1.25in"/></style:list-level-properties></text:list-level-style-bullet><text:list-level-style-bullet text:level="5" loext:num-list-format="%5%◦" style:num-suffix="◦" text:bullet-char="◦"><style:list-level-properties text:list-level-position-and-space-mode="label-alignment"><style:list-level-label-alignment text:label-followed-by="listtab" fo:text-indent="-0.25in" fo:margin-left="1.5in"/></style:list-level-properties></text:list-level-style-bullet><text:list-level-style-bullet text:level="6" loext:num-list-format="%6%▪" style:num-suffix="▪" text:bullet-char="▪"><style:list-level-properties text:list-level-position-and-space-mode="label-alignment"><style:list-level-label-alignment text:label-followed-by="listtab" fo:text-indent="-0.25in" fo:margin-left="1.75in"/></style:list-level-properties></text:list-level-style-bullet><text:list-level-style-bullet text:level="7" loext:num-list-format="%7%" style:num-suffix="" text:bullet-char=""><style:list-level-properties text:list-level-position-and-space-mode="label-alignment"><style:list-level-label-alignment text:label-followed-by="listtab" fo:text-indent="-0.25in" fo:margin-left="2in"/></style:list-level-properties></text:list-level-style-bullet><text:list-level-style-bullet text:level="8" loext:num-list-format="%8%◦" style:num-suffix="◦" text:bullet-char="◦"><style:list-level-properties text:list-level-position-and-space-mode="label-alignment"><style:list-level-label-alignment text:label-followed-by="listtab" fo:text-indent="-0.25in" fo:margin-left="2.25in"/></style:list-level-properties></text:list-level-style-bullet><text:list-level-style-bullet text:level="9" loext:num-list-format="%9%▪" style:num-suffix="▪" text:bullet-char="▪"><style:list-level-properties text:list-level-position-and-space-mode="label-alignment"><style:list-level-label-alignment text:label-followed-by="listtab" fo:text-indent="-0.25in" fo:margin-left="2.5in"/></style:list-level-properties></text:list-level-style-bullet><text:list-level-style-number text:level="10" loext:num-list-format="%10%." style:num-suffix="." style:num-format="1"><style:list-level-properties text:list-level-position-and-space-mode="label-alignment"><style:list-level-label-alignment text:label-followed-by="listtab" text:list-tab-stop-position="2.75in" fo:text-indent="-0.25in" fo:margin-left="2.75in"/></style:list-level-properties></text:list-level-style-number></text:list-style><text:list-style style:name="WWNum2"><text:list-level-style-bullet text:level="1" text:style-name="ListLabel_20_1" loext:num-list-format="%1%●" style:num-suffix="●" text:bullet-char="●"><style:list-level-properties text:list-level-position-and-space-mode="label-alignment"><style:list-level-label-alignment text:label-followed-by="listtab" fo:text-indent="-0.25in" fo:margin-left="0.5in"/></style:list-level-properties></text:list-level-style-bullet><text:list-level-style-bullet text:level="2" text:style-name="ListLabel_20_2" loext:num-list-format="%2%○" style:num-suffix="○" text:bullet-char="○"><style:list-level-properties text:list-level-position-and-space-mode="label-alignment"><style:list-level-label-alignment text:label-followed-by="listtab" fo:text-indent="-0.25in" fo:margin-left="1in"/></style:list-level-properties></text:list-level-style-bullet><text:list-level-style-bullet text:level="3" text:style-name="ListLabel_20_3" loext:num-list-format="%3%■" style:num-suffix="■" text:bullet-char="■"><style:list-level-properties text:list-level-position-and-space-mode="label-alignment"><style:list-level-label-alignment text:label-followed-by="listtab" fo:text-indent="-0.25in" fo:margin-left="1.5in"/></style:list-level-properties></text:list-level-style-bullet><text:list-level-style-bullet text:level="4" text:style-name="ListLabel_20_4" loext:num-list-format="%4%●" style:num-suffix="●" text:bullet-char="●"><style:list-level-properties text:list-level-position-and-space-mode="label-alignment"><style:list-level-label-alignment text:label-followed-by="listtab" fo:text-indent="-0.25in" fo:margin-left="2in"/></style:list-level-properties></text:list-level-style-bullet><text:list-level-style-bullet text:level="5" text:style-name="ListLabel_20_5" loext:num-list-format="%5%○" style:num-suffix="○" text:bullet-char="○"><style:list-level-properties text:list-level-position-and-space-mode="label-alignment"><style:list-level-label-alignment text:label-followed-by="listtab" fo:text-indent="-0.25in" fo:margin-left="2.5in"/></style:list-level-properties></text:list-level-style-bullet><text:list-level-style-bullet text:level="6" text:style-name="ListLabel_20_6" loext:num-list-format="%6%■" style:num-suffix="■" text:bullet-char="■"><style:list-level-properties text:list-level-position-and-space-mode="label-alignment"><style:list-level-label-alignment text:label-followed-by="listtab" fo:text-indent="-0.25in" fo:margin-left="3in"/></style:list-level-properties></text:list-level-style-bullet><text:list-level-style-bullet text:level="7" text:style-name="ListLabel_20_7" loext:num-list-format="%7%●" style:num-suffix="●" text:bullet-char="●"><style:list-level-properties text:list-level-position-and-space-mode="label-alignment"><style:list-level-label-alignment text:label-followed-by="listtab" fo:text-indent="-0.25in" fo:margin-left="3.5in"/></style:list-level-properties></text:list-level-style-bullet><text:list-level-style-bullet text:level="8" text:style-name="ListLabel_20_8" loext:num-list-format="%8%○" style:num-suffix="○" text:bullet-char="○"><style:list-level-properties text:list-level-position-and-space-mode="label-alignment"><style:list-level-label-alignment text:label-followed-by="listtab" fo:text-indent="-0.25in" fo:margin-left="4in"/></style:list-level-properties></text:list-level-style-bullet><text:list-level-style-bullet text:level="9" text:style-name="ListLabel_20_9" loext:num-list-format="%9%■" style:num-suffix="■" text:bullet-char="■"><style:list-level-properties text:list-level-position-and-space-mode="label-alignment"><style:list-level-label-alignment text:label-followed-by="listtab" fo:text-indent="-0.25in" fo:margin-left="4.5in"/></style:list-level-properties></text:list-level-style-bullet><text:list-level-style-number text:level="10" loext:num-list-format="%10%." style:num-suffix="." style:num-format="1"><style:list-level-properties text:list-level-position-and-space-mode="label-alignment"><style:list-level-label-alignment text:label-followed-by="listtab" text:list-tab-stop-position="2.75in" fo:text-indent="-0.25in" fo:margin-left="2.75in"/></style:list-level-properties></text:list-level-style-number></text:list-style><text:list-style style:name="WWNum3"><text:list-level-style-bullet text:level="1" loext:num-list-format="%1%" style:num-suffix="" text:bullet-char=""><style:list-level-properties text:list-level-position-and-space-mode="label-alignment"><style:list-level-label-alignment text:label-followed-by="listtab" fo:text-indent="-0.25in" fo:margin-left="0.5in"/></style:list-level-properties></text:list-level-style-bullet><text:list-level-style-bullet text:level="2" loext:num-list-format="%2%◦" style:num-suffix="◦" text:bullet-char="◦"><style:list-level-properties text:list-level-position-and-space-mode="label-alignment"><style:list-level-label-alignment text:label-followed-by="listtab" fo:text-indent="-0.25in" fo:margin-left="0.75in"/></style:list-level-properties></text:list-level-style-bullet><text:list-level-style-bullet text:level="3" loext:num-list-format="%3%▪" style:num-suffix="▪" text:bullet-char="▪"><style:list-level-properties text:list-level-position-and-space-mode="label-alignment"><style:list-level-label-alignment text:label-followed-by="listtab" fo:text-indent="-0.25in" fo:margin-left="1in"/></style:list-level-properties></text:list-level-style-bullet><text:list-level-style-bullet text:level="4" loext:num-list-format="%4%" style:num-suffix="" text:bullet-char=""><style:list-level-properties text:list-level-position-and-space-mode="label-alignment"><style:list-level-label-alignment text:label-followed-by="listtab" fo:text-indent="-0.25in" fo:margin-left="1.25in"/></style:list-level-properties></text:list-level-style-bullet><text:list-level-style-bullet text:level="5" loext:num-list-format="%5%◦" style:num-suffix="◦" text:bullet-char="◦"><style:list-level-properties text:list-level-position-and-space-mode="label-alignment"><style:list-level-label-alignment text:label-followed-by="listtab" fo:text-indent="-0.25in" fo:margin-left="1.5in"/></style:list-level-properties></text:list-level-style-bullet><text:list-level-style-bullet text:level="6" loext:num-list-format="%6%▪" style:num-suffix="▪" text:bullet-char="▪"><style:list-level-properties text:list-level-position-and-space-mode="label-alignment"><style:list-level-label-alignment text:label-followed-by="listtab" fo:text-indent="-0.25in" fo:margin-left="1.75in"/></style:list-level-properties></text:list-level-style-bullet><text:list-level-style-bullet text:level="7" loext:num-list-format="%7%" style:num-suffix="" text:bullet-char=""><style:list-level-properties text:list-level-position-and-space-mode="label-alignment"><style:list-level-label-alignment text:label-followed-by="listtab" fo:text-indent="-0.25in" fo:margin-left="2in"/></style:list-level-properties></text:list-level-style-bullet><text:list-level-style-bullet text:level="8" loext:num-list-format="%8%◦" style:num-suffix="◦" text:bullet-char="◦"><style:list-level-properties text:list-level-position-and-space-mode="label-alignment"><style:list-level-label-alignment text:label-followed-by="listtab" fo:text-indent="-0.25in" fo:margin-left="2.25in"/></style:list-level-properties></text:list-level-style-bullet><text:list-level-style-bullet text:level="9" loext:num-list-format="%9%▪" style:num-suffix="▪" text:bullet-char="▪"><style:list-level-properties text:list-level-position-and-space-mode="label-alignment"><style:list-level-label-alignment text:label-followed-by="listtab" fo:text-indent="-0.25in" fo:margin-left="2.5in"/></style:list-level-properties></text:list-level-style-bullet><text:list-level-style-number text:level="10" loext:num-list-format="%10%." style:num-suffix="." style:num-format="1"><style:list-level-properties text:list-level-position-and-space-mode="label-alignment"><style:list-level-label-alignment text:label-followed-by="listtab" text:list-tab-stop-position="2.75in" fo:text-indent="-0.25in" fo:margin-left="2.75in"/></style:list-level-properties></text:list-level-style-number></text:list-style><text:list-style style:name="WWNum4"><text:list-level-style-bullet text:level="1" loext:num-list-format="%1%" style:num-suffix="" text:bullet-char=""><style:list-level-properties text:list-level-position-and-space-mode="label-alignment"><style:list-level-label-alignment text:label-followed-by="listtab" fo:text-indent="-0.25in" fo:margin-left="0.5in"/></style:list-level-properties></text:list-level-style-bullet><text:list-level-style-bullet text:level="2" loext:num-list-format="%2%◦" style:num-suffix="◦" text:bullet-char="◦"><style:list-level-properties text:list-level-position-and-space-mode="label-alignment"><style:list-level-label-alignment text:label-followed-by="listtab" fo:text-indent="-0.25in" fo:margin-left="0.75in"/></style:list-level-properties></text:list-level-style-bullet><text:list-level-style-bullet text:level="3" loext:num-list-format="%3%▪" style:num-suffix="▪" text:bullet-char="▪"><style:list-level-properties text:list-level-position-and-space-mode="label-alignment"><style:list-level-label-alignment text:label-followed-by="listtab" fo:text-indent="-0.25in" fo:margin-left="1in"/></style:list-level-properties></text:list-level-style-bullet><text:list-level-style-bullet text:level="4" loext:num-list-format="%4%" style:num-suffix="" text:bullet-char=""><style:list-level-properties text:list-level-position-and-space-mode="label-alignment"><style:list-level-label-alignment text:label-followed-by="listtab" fo:text-indent="-0.25in" fo:margin-left="1.25in"/></style:list-level-properties></text:list-level-style-bullet><text:list-level-style-bullet text:level="5" loext:num-list-format="%5%◦" style:num-suffix="◦" text:bullet-char="◦"><style:list-level-properties text:list-level-position-and-space-mode="label-alignment"><style:list-level-label-alignment text:label-followed-by="listtab" fo:text-indent="-0.25in" fo:margin-left="1.5in"/></style:list-level-properties></text:list-level-style-bullet><text:list-level-style-bullet text:level="6" loext:num-list-format="%6%▪" style:num-suffix="▪" text:bullet-char="▪"><style:list-level-properties text:list-level-position-and-space-mode="label-alignment"><style:list-level-label-alignment text:label-followed-by="listtab" fo:text-indent="-0.25in" fo:margin-left="1.75in"/></style:list-level-properties></text:list-level-style-bullet><text:list-level-style-bullet text:level="7" loext:num-list-format="%7%" style:num-suffix="" text:bullet-char=""><style:list-level-properties text:list-level-position-and-space-mode="label-alignment"><style:list-level-label-alignment text:label-followed-by="listtab" fo:text-indent="-0.25in" fo:margin-left="2in"/></style:list-level-properties></text:list-level-style-bullet><text:list-level-style-bullet text:level="8" loext:num-list-format="%8%◦" style:num-suffix="◦" text:bullet-char="◦"><style:list-level-properties text:list-level-position-and-space-mode="label-alignment"><style:list-level-label-alignment text:label-followed-by="listtab" fo:text-indent="-0.25in" fo:margin-left="2.25in"/></style:list-level-properties></text:list-level-style-bullet><text:list-level-style-bullet text:level="9" loext:num-list-format="%9%▪" style:num-suffix="▪" text:bullet-char="▪"><style:list-level-properties text:list-level-position-and-space-mode="label-alignment"><style:list-level-label-alignment text:label-followed-by="listtab" fo:text-indent="-0.25in" fo:margin-left="2.5in"/></style:list-level-properties></text:list-level-style-bullet><text:list-level-style-number text:level="10" loext:num-list-format="%10%." style:num-suffix="." style:num-format="1"><style:list-level-properties text:list-level-position-and-space-mode="label-alignment"><style:list-level-label-alignment text:label-followed-by="listtab" text:list-tab-stop-position="2.75in" fo:text-indent="-0.25in" fo:margin-left="2.75in"/></style:list-level-properties></text:list-level-style-number></text:list-style><text:list-style style:name="WWNum5"><text:list-level-style-bullet text:level="1" loext:num-list-format="%1%" style:num-suffix="" text:bullet-char=""><style:list-level-properties text:list-level-position-and-space-mode="label-alignment"><style:list-level-label-alignment text:label-followed-by="listtab" fo:text-indent="-0.25in" fo:margin-left="0.5in"/></style:list-level-properties></text:list-level-style-bullet><text:list-level-style-bullet text:level="2" loext:num-list-format="%2%◦" style:num-suffix="◦" text:bullet-char="◦"><style:list-level-properties text:list-level-position-and-space-mode="label-alignment"><style:list-level-label-alignment text:label-followed-by="listtab" fo:text-indent="-0.25in" fo:margin-left="0.75in"/></style:list-level-properties></text:list-level-style-bullet><text:list-level-style-bullet text:level="3" loext:num-list-format="%3%▪" style:num-suffix="▪" text:bullet-char="▪"><style:list-level-properties text:list-level-position-and-space-mode="label-alignment"><style:list-level-label-alignment text:label-followed-by="listtab" fo:text-indent="-0.25in" fo:margin-left="1in"/></style:list-level-properties></text:list-level-style-bullet><text:list-level-style-bullet text:level="4" loext:num-list-format="%4%" style:num-suffix="" text:bullet-char=""><style:list-level-properties text:list-level-position-and-space-mode="label-alignment"><style:list-level-label-alignment text:label-followed-by="listtab" fo:text-indent="-0.25in" fo:margin-left="1.25in"/></style:list-level-properties></text:list-level-style-bullet><text:list-level-style-bullet text:level="5" loext:num-list-format="%5%◦" style:num-suffix="◦" text:bullet-char="◦"><style:list-level-properties text:list-level-position-and-space-mode="label-alignment"><style:list-level-label-alignment text:label-followed-by="listtab" fo:text-indent="-0.25in" fo:margin-left="1.5in"/></style:list-level-properties></text:list-level-style-bullet><text:list-level-style-bullet text:level="6" loext:num-list-format="%6%▪" style:num-suffix="▪" text:bullet-char="▪"><style:list-level-properties text:list-level-position-and-space-mode="label-alignment"><style:list-level-label-alignment text:label-followed-by="listtab" fo:text-indent="-0.25in" fo:margin-left="1.75in"/></style:list-level-properties></text:list-level-style-bullet><text:list-level-style-bullet text:level="7" loext:num-list-format="%7%" style:num-suffix="" text:bullet-char=""><style:list-level-properties text:list-level-position-and-space-mode="label-alignment"><style:list-level-label-alignment text:label-followed-by="listtab" fo:text-indent="-0.25in" fo:margin-left="2in"/></style:list-level-properties></text:list-level-style-bullet><text:list-level-style-bullet text:level="8" loext:num-list-format="%8%◦" style:num-suffix="◦" text:bullet-char="◦"><style:list-level-properties text:list-level-position-and-space-mode="label-alignment"><style:list-level-label-alignment text:label-followed-by="listtab" fo:text-indent="-0.25in" fo:margin-left="2.25in"/></style:list-level-properties></text:list-level-style-bullet><text:list-level-style-bullet text:level="9" loext:num-list-format="%9%▪" style:num-suffix="▪" text:bullet-char="▪"><style:list-level-properties text:list-level-position-and-space-mode="label-alignment"><style:list-level-label-alignment text:label-followed-by="listtab" fo:text-indent="-0.25in" fo:margin-left="2.5in"/></style:list-level-properties></text:list-level-style-bullet><text:list-level-style-number text:level="10" loext:num-list-format="%10%." style:num-suffix="." style:num-format="1"><style:list-level-properties text:list-level-position-and-space-mode="label-alignment"><style:list-level-label-alignment text:label-followed-by="listtab" text:list-tab-stop-position="2.75in" fo:text-indent="-0.25in" fo:margin-left="2.75in"/></style:list-level-properties></text:list-level-style-number></text:list-style><text:notes-configuration text:note-class="footnote" style:num-format="1" text:start-value="0" text:footnotes-position="page" text:start-numbering-at="document"/><text:notes-configuration text:note-class="endnote" style:num-format="i" text:start-value="0"/><text:linenumbering-configuration text:style-name="Line_20_numbering" text:offset="0.2in" style:num-format="1" text:number-position="left" text:increment="5"/><number:number-style style:name="N117"><number:number number:decimal-places="4" number:min-decimal-places="4" number:min-integer-digits="1"/></number:number-style><style:style style:name="Default_20_Style.1" style:display-name="Default Style.1" style:family="table-cell"><style:table-cell-properties fo:border-left="0.51pt solid #000000" fo:border-top="0.51pt solid #000000" fo:border-bottom="0.51pt solid #000000"/><style:text-properties/></style:style><style:style style:name="Default_20_Style.2" style:display-name="Default Style.2" style:family="table-cell"><style:table-cell-properties fo:border-left="0.51pt solid #000000" fo:border-bottom="0.51pt solid #000000"/><style:text-properties/></style:style><style:style style:name="Default_20_Style.3" style:display-name="Default Style.3" style:family="table-cell"><style:table-cell-properties fo:border-left="0.51pt solid #000000" fo:border-bottom="0.51pt solid #000000"/><style:text-properties/></style:style><style:style style:name="Default_20_Style.4" style:display-name="Default Style.4" style:family="table-cell"><style:table-cell-properties fo:border-left="0.51pt solid #000000" fo:border-right="0.51pt solid #000000" fo:border-bottom="0.51pt solid #000000"/><style:text-properties/></style:style><style:style style:name="Default_20_Style.5" style:display-name="Default Style.5" style:family="table-cell"><style:table-cell-properties fo:border-left="0.51pt solid #000000" fo:border-bottom="0.51pt solid #000000"/><style:text-properties/></style:style><style:style style:name="Default_20_Style.6" style:display-name="Default Style.6" style:family="table-cell"><style:table-cell-properties fo:border-left="0.51pt solid #000000" fo:border-bottom="0.51pt solid #000000"/><style:text-properties/></style:style><style:style style:name="Default_20_Style.7" style:display-name="Default Style.7" style:family="table-cell"><style:table-cell-properties fo:border-left="0.51pt solid #000000" fo:border-bottom="0.51pt solid #000000"/><style:text-properties/></style:style><style:style style:name="Default_20_Style.8" style:display-name="Default Style.8" style:family="table-cell"><style:table-cell-properties fo:border-left="0.51pt solid #000000" fo:border-bottom="0.51pt solid #000000"/><style:text-properties/></style:style><style:style style:name="Default_20_Style.9" style:display-name="Default Style.9" style:family="table-cell"><style:table-cell-properties fo:border-left="0.51pt solid #000000" fo:border-bottom="0.51pt solid #000000"/><style:text-properties/></style:style><style:style style:name="Default_20_Style.10" style:display-name="Default Style.10" style:family="table-cell"><style:table-cell-properties fo:border-left="0.51pt solid #000000" fo:border-right="0.51pt solid #000000" fo:border-bottom="0.51pt solid #000000"/><style:text-properties/></style:style><style:style style:name="Default_20_Style.11" style:display-name="Default Style.11" style:family="table-cell"><style:table-cell-properties fo:border-left="0.51pt solid #000000" fo:border-top="0.51pt solid #000000" fo:border-bottom="0.51pt solid #000000"/><style:text-properties/></style:style><style:style style:name="Default_20_Style.12" style:display-name="Default Style.12" style:family="table-cell"><style:table-cell-properties fo:border-left="0.51pt solid #000000" fo:border-right="0.51pt solid #000000" fo:border-top="0.51pt solid #000000" fo:border-bottom="0.51pt solid #000000"/><style:text-properties/></style:style><style:style style:name="Default_20_Style.13" style:display-name="Default Style.13" style:family="table-cell"><style:table-cell-properties fo:border-left="0.51pt solid #000000" fo:border-bottom="0.51pt solid #000000"/><style:text-properties/></style:style><style:style style:name="Default_20_Style.14" style:display-name="Default Style.14" style:family="table-cell"><style:table-cell-properties fo:border-left="0.51pt solid #000000" fo:border-right="0.51pt solid #000000" fo:border-bottom="0.51pt solid #000000"/><style:text-properties/></style:style><style:style style:name="Default_20_Style.15" style:display-name="Default Style.15" style:family="table-cell"><style:table-cell-properties fo:border-left="0.51pt solid #000000" fo:border-top="0.51pt solid #000000" fo:border-bottom="0.51pt solid #000000"/><style:text-properties/></style:style><style:style style:name="Default_20_Style.16" style:display-name="Default Style.16" style:family="table-cell"><style:table-cell-properties fo:border-left="0.51pt solid #000000" fo:border-bottom="0.51pt solid #000000"/><style:text-properties/></style:style><table:table-template table:name="Default Style" table:first-row-end-column="row" table:first-row-start-column="row" table:last-row-end-column="row" table:last-row-start-column="row"><table:first-row table:style-name="Default_20_Style.1"/><table:last-row table:style-name="Default_20_Style.2"/><table:first-column table:style-name="Default_20_Style.3"/><table:last-column table:style-name="Default_20_Style.4"/><table:body table:style-name="Default_20_Style.9"/><table:even-rows table:style-name="Default_20_Style.5"/><table:odd-rows table:style-name="Default_20_Style.6"/><table:even-columns table:style-name="Default_20_Style.7"/><table:odd-columns table:style-name="Default_20_Style.8"/><table:background table:style-name="Default_20_Style.10"/><loext:first-row-even-column table:style-name="Default_20_Style.15"/><loext:last-row-even-column table:style-name="Default_20_Style.16"/><loext:first-row-end-column table:style-name="Default_20_Style.12"/><loext:first-row-start-column table:style-name="Default_20_Style.11"/><loext:last-row-end-column table:style-name="Default_20_Style.14"/><loext:last-row-start-column table:style-name="Default_20_Style.13"/></table:table-template><style:default-page-layout><style:page-layout-properties style:writing-mode="lr-tb" style:layout-grid-standard-mode="true"/></style:default-page-layout><loext:theme loext:name="Office"><loext:theme-colors loext:name="LibreOffice"><loext:color loext:name="dark1" loext:color="#000000"/><loext:color loext:name="light1" loext:color="#ffffff"/><loext:color loext:name="dark2" loext:color="#000000"/><loext:color loext:name="light2" loext:color="#ffffff"/><loext:color loext:name="accent1" loext:color="#18a303"/><loext:color loext:name="accent2" loext:color="#0369a3"/><loext:color loext:name="accent3" loext:color="#a33e03"/><loext:color loext:name="accent4" loext:color="#8e03a3"/><loext:color loext:name="accent5" loext:color="#c99c00"/><loext:color loext:name="accent6" loext:color="#c9211e"/><loext:color loext:name="hyperlink" loext:color="#0000ee"/><loext:color loext:name="followed-hyperlink" loext:color="#551a8b"/></loext:theme-colors></loext:theme></office:styles><office:automatic-styles><style:style style:name="MP1" style:family="paragraph" style:parent-style-name="Footer"><style:paragraph-properties fo:text-align="center" style:justify-single-word="false"/><style:text-properties fo:language="en" fo:country="US"/></style:style><style:style style:name="MT1" style:family="text"><style:text-properties officeooo:rsid="009a1922"/></style:style><style:page-layout style:name="Mpm1"><style:page-layout-properties fo:page-width="8.5in" fo:page-height="11in" style:num-format="1" style:print-orientation="portrait" fo:margin-top="0.7874in" fo:margin-bottom="0.7874in" fo:margin-left="0.7874in" fo:margin-right="0.7874in" fo:border="none" fo:padding="0.0201in" style:writing-mode="lr-tb" style:layout-grid-color="#c0c0c0" style:layout-grid-lines="23940" style:layout-grid-base-height="0.0693in" style:layout-grid-ruby-height="0in" style:layout-grid-mode="none" style:layout-grid-ruby-below="false" style:layout-grid-print="false" style:layout-grid-display="false" style:layout-grid-base-width="0.1665in" style:layout-grid-snap-to="true" style:footnote-max-height="0in" loext:margin-gutter="0in"><style:columns fo:column-count="1" fo:column-gap="0in"/><style:footnote-sep style:width="0.0071in" style:distance-before-sep="0.0402in" style:distance-after-sep="0.0402in" style:line-style="solid" style:adjustment="left" style:rel-width="25%" style:color="#000000"/></style:page-layout-properties><style:header-style/><style:footer-style><style:header-footer-properties fo:min-height="0.2402in" fo:margin-left="0in" fo:margin-right="0in" fo:margin-top="0.2in" fo:background-color="transparent" style:dynamic-spacing="false" draw:fill="none" draw:fill-color="#729fcf"/></style:footer-style></style:page-layout><style:style style:name="Mdp1" style:family="drawing-page"><style:drawing-page-properties draw:background-size="full"/></style:style><number:date-style style:name="N37" number:automatic-order="true"><number:year/><number:text>-</number:text><number:month number:style="long"/><number:text>-</number:text><number:day number:style="long"/></number:date-style></office:automatic-styles><office:master-styles><style:master-page style:name="Standard" style:page-layout-name="Mpm1" draw:style-name="Mdp1"><style:footer><text:p text:style-name="MP1"><text:page-number text:select-page="current">15</text:page-number><text:s/><text:span text:style-name="MT1">printed on </text:span><text:span text:style-name="MT1"><text:date style:data-style-name="N37" text:date-value="2025-06-21T11:51:02.140231928">06/21/25</text:date></text:span></text:p></style:footer></style:master-page></office:master-styles></office:document-styles>